<?xml version="1.0" encoding="utf-8"?>
<extension type="component" version="2.5.0" method="upgrade">

    <name>ReTournament</name>
    <!-- Данные об авторе компонета  -->
    <creationDate>2012</creationDate>
    <author>Andrew Nazarov</author>
    <authorEmail></authorEmail>
    <authorUrl></authorUrl>
    <copyright></copyright>
    <license></license>
    <!--  Какая версия нашего компонента -->
    <version>0.0.6</version>
    <!-- Описание компонента-->
    <description></description>


    <install> <!-- Будет выполнено при установке компонента-->
        <sql>
            <file driver="mysql" charset="utf8">sql/install.mysql.utf8.sql</file>
        </sql>
    </install>
    <uninstall> <!-- Будет выполнено при удалении компонента -->
        <sql>
            <file driver="mysql" charset="utf8">sql/uninstall.mysql.utf8.sql</file>
        </sql>
    </uninstall>
    <update> <!-- Будет исполнено при обновлении. Доступно с версии 1.6 -->
        <schemas>
            <schemapath type="mysql">sql/updates/mysql</schemapath>
        </schemas>
    </update>


    <!-- Куда будет скопирован основной файл компонента-->
    <files folder="site">
        <filename>index.html</filename>
        <filename>retournament.php</filename>
        <filename>controller.php</filename>
        <folder>views</folder>
        <folder>models</folder>
    </files>

    <administration>
        <!-- Административное меню-->
        <menu>ReTournament</menu>
        <files folder="admin">
            <filename>index.html</filename>
            <filename>retournament.php</filename>
            <filename>controller.php</filename>
            <folder>sql</folder>
            <folder>tables</folder>
            <folder>models</folder>
            <folder>views</folder>
        </files>


    </administration>

</extension>